demo_id;fornavn;mellemnavn;efternavn;fuldt_navn
DEMO-00001;Jens;Søndergaard;Mortensen;Jens Søndergaard Mortensen
DEMO-00002;Maja;;Østergaard;Maja Østergaard
DEMO-00003;Martin;;Møller;Martin Møller
DEMO-00004;Anne;Søndergaard;Nørgaard;Anne Søndergaard Nørgaard
DEMO-00005;Trine;Lind;Vestergaard;Trine Lind Vestergaard
DEMO-00006;Anders;Lund;Møller;Anders Lund Møller
DEMO-00007;Jakob;Østergaard;Petersen;Jakob Østergaard Petersen
DEMO-00008;Emma;Skov;Holm;Emma Skov Holm
DEMO-00009;Mikkel;;Nielsen;Mikkel Nielsen
DEMO-00010;Søren;Vestergaard;Nørgaard;Søren Vestergaard Nørgaard
DEMO-00011;Louise;;Hansen;Louise Hansen
DEMO-00012;Henrik;Lund;Sørensen;Henrik Lund Sørensen
DEMO-00013;Charlotte;;Johansen;Charlotte Johansen
DEMO-00014;Nina;Bjerre;Dahl;Nina Bjerre Dahl
DEMO-00015;Nina;Nørgaard;Nielsen;Nina Nørgaard Nielsen
DEMO-00016;Henrik;;Olsen;Henrik Olsen
DEMO-00017;Karen;;Poulsen;Karen Poulsen
DEMO-00018;Camilla;;Rasmussen;Camilla Rasmussen
DEMO-00019;Lene;Søndergaard;Poulsen;Lene Søndergaard Poulsen
DEMO-00020;Mikkel;Skov;Østergaard;Mikkel Skov Østergaard
DEMO-00021;Freja;;Rasmussen;Freja Rasmussen
DEMO-00022;Katrine;;Kristensen;Katrine Kristensen
DEMO-00023;Emil;Holm;Dahl;Emil Holm Dahl
DEMO-00024;Nina;Holm;Møller;Nina Holm Møller
DEMO-00025;Clara;;Kristensen;Clara Kristensen
DEMO-00026;Jens;;Lund;Jens Lund
DEMO-00027;Mette;;Poulsen;Mette Poulsen
DEMO-00028;Julie;Østergaard;Larsen;Julie Østergaard Larsen
DEMO-00029;Peter;;Sørensen;Peter Sørensen
DEMO-00030;Freja;Skov;Dahl;Freja Skov Dahl
DEMO-00031;Camilla;Lund;Knudsen;Camilla Lund Knudsen
DEMO-00032;Anders;Vestergaard;Christensen;Anders Vestergaard Christensen
DEMO-00033;Charlotte;Søndergaard;Nørgaard;Charlotte Søndergaard Nørgaard
DEMO-00034;Thomas;Skov;Knudsen;Thomas Skov Knudsen
DEMO-00035;Charlotte;;Rasmussen;Charlotte Rasmussen
DEMO-00036;Emma;Bjerre;Nørgaard;Emma Bjerre Nørgaard
DEMO-00037;Oliver;Dahl;Mortensen;Oliver Dahl Mortensen
DEMO-00038;Caroline;;Dahl;Caroline Dahl
DEMO-00039;Freja;Holm;Larsen;Freja Holm Larsen
DEMO-00040;Camilla;;Søndergaard;Camilla Søndergaard
DEMO-00041;Frederik;Søndergaard;Lund;Frederik Søndergaard Lund
DEMO-00042;Thomas;Nørgaard;Jensen;Thomas Nørgaard Jensen
DEMO-00043;Jonas;;Petersen;Jonas Petersen
DEMO-00044;Henrik;Søndergaard;Andersen;Henrik Søndergaard Andersen
DEMO-00045;Henrik;;Møller;Henrik Møller
DEMO-00046;Mathias;;Jensen;Mathias Jensen
DEMO-00047;Trine;;Sørensen;Trine Sørensen
DEMO-00048;Maria;;Vestergaard;Maria Vestergaard
DEMO-00049;Jonas;Vestergaard;Andersen;Jonas Vestergaard Andersen
DEMO-00050;Katrine;;Vestergaard;Katrine Vestergaard
DEMO-00051;Emma;;Dahl;Emma Dahl
DEMO-00052;Jesper;Vestergaard;Sørensen;Jesper Vestergaard Sørensen
DEMO-00053;Jesper;;Møller;Jesper Møller
DEMO-00054;Freja;Østergaard;Madsen;Freja Østergaard Madsen
DEMO-00055;Kasper;;Johansen;Kasper Johansen
DEMO-00056;Laura;Nørgaard;Madsen;Laura Nørgaard Madsen
DEMO-00057;Jonas;;Rasmussen;Jonas Rasmussen
DEMO-00058;William;;Andersen;William Andersen
DEMO-00059;William;Møller;Hansen;William Møller Hansen
DEMO-00060;Maja;;Nielsen;Maja Nielsen
DEMO-00061;Christian;Møller;Andersen;Christian Møller Andersen
DEMO-00062;Mette;Dahl;Madsen;Mette Dahl Madsen
DEMO-00063;Emma;Holm;Petersen;Emma Holm Petersen
DEMO-00064;Jonas;Nørgaard;Thomsen;Jonas Nørgaard Thomsen
DEMO-00065;Line;Lind;Mortensen;Line Lind Mortensen
DEMO-00066;Mette;Skov;Dahl;Mette Skov Dahl
DEMO-00067;Daniel;;Knudsen;Daniel Knudsen
DEMO-00068;Lars;;Christensen;Lars Christensen
DEMO-00069;Emil;;Petersen;Emil Petersen
DEMO-00070;Maja;Østergaard;Knudsen;Maja Østergaard Knudsen
DEMO-00071;Christian;;Johansen;Christian Johansen
DEMO-00072;Magnus;;Nørgaard;Magnus Nørgaard
DEMO-00073;Jesper;;Jørgensen;Jesper Jørgensen
DEMO-00074;Lars;Søndergaard;Olsen;Lars Søndergaard Olsen
DEMO-00075;Anne;Lund;Østergaard;Anne Lund Østergaard
DEMO-00076;Lars;Skov;Nielsen;Lars Skov Nielsen
DEMO-00077;Emma;;Vestergaard;Emma Vestergaard
DEMO-00078;Oliver;Søndergaard;Petersen;Oliver Søndergaard Petersen
DEMO-00079;Clara;Søndergaard;Petersen;Clara Søndergaard Petersen
DEMO-00080;Niels;Lind;Søndergaard;Niels Lind Søndergaard
DEMO-00081;Martin;;Andersen;Martin Andersen
DEMO-00082;Charlotte;Vestergaard;Lund;Charlotte Vestergaard Lund
DEMO-00083;Maria;;Jørgensen;Maria Jørgensen
DEMO-00084;Søren;Søndergaard;Østergaard;Søren Søndergaard Østergaard
DEMO-00085;Mette;;Thomsen;Mette Thomsen
DEMO-00086;Magnus;;Jensen;Magnus Jensen
DEMO-00087;Niels;;Sørensen;Niels Sørensen
DEMO-00088;Pernille;Vestergaard;Knudsen;Pernille Vestergaard Knudsen
DEMO-00089;Niels;Dahl;Holm;Niels Dahl Holm
DEMO-00090;Mikkel;;Jensen;Mikkel Jensen
DEMO-00091;Kasper;;Jensen;Kasper Jensen
DEMO-00092;Trine;;Nielsen;Trine Nielsen
DEMO-00093;Lars;;Lund;Lars Lund
DEMO-00094;Freja;Dahl;Mortensen;Freja Dahl Mortensen
DEMO-00095;Oliver;Lund;Mortensen;Oliver Lund Mortensen
DEMO-00096;Frederik;Lund;Andersen;Frederik Lund Andersen
DEMO-00097;Anne;Lind;Andersen;Anne Lind Andersen
DEMO-00098;Christian;Østergaard;Madsen;Christian Østergaard Madsen
DEMO-00099;Karen;;Thomsen;Karen Thomsen
DEMO-00100;Søren;;Mortensen;Søren Mortensen
DEMO-00101;Lene;;Lund;Lene Lund
DEMO-00102;Line;;Christensen;Line Christensen
DEMO-00103;Rasmus;Søndergaard;Møller;Rasmus Søndergaard Møller
DEMO-00104;Camilla;;Holm;Camilla Holm
DEMO-00105;Mette;;Nielsen;Mette Nielsen
DEMO-00106;Mette;Møller;Larsen;Mette Møller Larsen
DEMO-00107;Emil;;Skov;Emil Skov
DEMO-00108;Christian;;Madsen;Christian Madsen
DEMO-00109;Oliver;;Skov;Oliver Skov
DEMO-00110;Jens;;Madsen;Jens Madsen
DEMO-00111;Rasmus;;Thomsen;Rasmus Thomsen
DEMO-00112;Julie;Bjerre;Mortensen;Julie Bjerre Mortensen
DEMO-00113;Pernille;Dahl;Jensen;Pernille Dahl Jensen
DEMO-00114;Jens;Møller;Christensen;Jens Møller Christensen
DEMO-00115;Peter;Holm;Andersen;Peter Holm Andersen
DEMO-00116;Søren;Lind;Pedersen;Søren Lind Pedersen
DEMO-00117;Victoria;;Pedersen;Victoria Pedersen
DEMO-00118;Victoria;Bjerre;Johansen;Victoria Bjerre Johansen
DEMO-00119;Maria;;Dahl;Maria Dahl
DEMO-00120;Mette;Lund;Sørensen;Mette Lund Sørensen
DEMO-00121;Jonas;Lund;Kristensen;Jonas Lund Kristensen
DEMO-00122;Julie;Møller;Poulsen;Julie Møller Poulsen
DEMO-00123;Jesper;Holm;Lund;Jesper Holm Lund
DEMO-00124;Karen;;Christensen;Karen Christensen
DEMO-00125;Freja;Vestergaard;Søndergaard;Freja Vestergaard Søndergaard
DEMO-00126;Trine;Bjerre;Skov;Trine Bjerre Skov
DEMO-00127;Louise;Lind;Kristensen;Louise Lind Kristensen
DEMO-00128;Mette;;Rasmussen;Mette Rasmussen
DEMO-00129;Sofie;Møller;Østergaard;Sofie Møller Østergaard
DEMO-00130;Martin;;Sørensen;Martin Sørensen
DEMO-00131;Simon;Møller;Østergaard;Simon Møller Østergaard
DEMO-00132;Charlotte;Søndergaard;Lund;Charlotte Søndergaard Lund
DEMO-00133;Mette;Holm;Thomsen;Mette Holm Thomsen
DEMO-00134;Louise;Bjerre;Pedersen;Louise Bjerre Pedersen
DEMO-00135;Søren;;Søndergaard;Søren Søndergaard
DEMO-00136;Ida;Bjerre;Dahl;Ida Bjerre Dahl
DEMO-00137;Louise;Møller;Jørgensen;Louise Møller Jørgensen
DEMO-00138;Julie;Dahl;Skov;Julie Dahl Skov
DEMO-00139;Christian;Vestergaard;Sørensen;Christian Vestergaard Sørensen
DEMO-00140;Peter;Nørgaard;Thomsen;Peter Nørgaard Thomsen
DEMO-00141;William;;Sørensen;William Sørensen
DEMO-00142;Ida;;Nørgaard;Ida Nørgaard
DEMO-00143;Kasper;Holm;Rasmussen;Kasper Holm Rasmussen
DEMO-00144;Pernille;Lund;Olsen;Pernille Lund Olsen
DEMO-00145;Peter;;Christensen;Peter Christensen
DEMO-00146;Maria;Lund;Nørgaard;Maria Lund Nørgaard
DEMO-00147;Oliver;Holm;Sørensen;Oliver Holm Sørensen
DEMO-00148;William;;Knudsen;William Knudsen
DEMO-00149;Louise;;Andersen;Louise Andersen
DEMO-00150;Maja;;Poulsen;Maja Poulsen
DEMO-00151;Søren;;Nørgaard;Søren Nørgaard
DEMO-00152;Victoria;Søndergaard;Sørensen;Victoria Søndergaard Sørensen
DEMO-00153;Christian;Holm;Jørgensen;Christian Holm Jørgensen
DEMO-00154;Kasper;;Andersen;Kasper Andersen
DEMO-00155;Freja;;Holm;Freja Holm
DEMO-00156;Maja;Møller;Vestergaard;Maja Møller Vestergaard
DEMO-00157;Frederik;Søndergaard;Nielsen;Frederik Søndergaard Nielsen
DEMO-00158;Jonas;;Møller;Jonas Møller
DEMO-00159;Jesper;;Jensen;Jesper Jensen
DEMO-00160;Emma;;Jensen;Emma Jensen
DEMO-00161;Pernille;Vestergaard;Hansen;Pernille Vestergaard Hansen
DEMO-00162;Peter;Søndergaard;Lund;Peter Søndergaard Lund
DEMO-00163;Emma;Lind;Jensen;Emma Lind Jensen
DEMO-00164;Søren;;Holm;Søren Holm
DEMO-00165;Laura;Dahl;Nielsen;Laura Dahl Nielsen
DEMO-00166;Emma;Lind;Vestergaard;Emma Lind Vestergaard
DEMO-00167;Kasper;Søndergaard;Mortensen;Kasper Søndergaard Mortensen
DEMO-00168;Simon;;Mortensen;Simon Mortensen
DEMO-00169;Pernille;;Holm;Pernille Holm
DEMO-00170;Anna;Skov;Mortensen;Anna Skov Mortensen
DEMO-00171;Martin;;Østergaard;Martin Østergaard
DEMO-00172;Søren;;Vestergaard;Søren Vestergaard
DEMO-00173;Anne;;Søndergaard;Anne Søndergaard
DEMO-00174;William;Vestergaard;Knudsen;William Vestergaard Knudsen
DEMO-00175;Maria;Lund;Skov;Maria Lund Skov
DEMO-00176;Simon;Lund;Søndergaard;Simon Lund Søndergaard
DEMO-00177;Caroline;Østergaard;Larsen;Caroline Østergaard Larsen
DEMO-00178;Niels;Holm;Kristensen;Niels Holm Kristensen
DEMO-00179;Karen;Lund;Vestergaard;Karen Lund Vestergaard
DEMO-00180;Katrine;;Petersen;Katrine Petersen
DEMO-00181;Anna;Møller;Andersen;Anna Møller Andersen
DEMO-00182;Mette;Østergaard;Pedersen;Mette Østergaard Pedersen
DEMO-00183;Victoria;;Poulsen;Victoria Poulsen
DEMO-00184;Louise;;Søndergaard;Louise Søndergaard
DEMO-00185;Julie;Møller;Rasmussen;Julie Møller Rasmussen
DEMO-00186;Maja;Nørgaard;Mortensen;Maja Nørgaard Mortensen
DEMO-00187;Pernille;Søndergaard;Jørgensen;Pernille Søndergaard Jørgensen
DEMO-00188;Nanna;Vestergaard;Larsen;Nanna Vestergaard Larsen
DEMO-00189;Maja;Søndergaard;Møller;Maja Søndergaard Møller
DEMO-00190;Clara;Lind;Mortensen;Clara Lind Mortensen
DEMO-00191;Louise;;Jensen;Louise Jensen
DEMO-00192;Niels;Lind;Mortensen;Niels Lind Mortensen
DEMO-00193;Charlotte;Østergaard;Rasmussen;Charlotte Østergaard Rasmussen
DEMO-00194;Thomas;Lind;Hansen;Thomas Lind Hansen
DEMO-00195;Julie;Dahl;Vestergaard;Julie Dahl Vestergaard
DEMO-00196;Jonas;;Mortensen;Jonas Mortensen
DEMO-00197;Charlotte;;Knudsen;Charlotte Knudsen
DEMO-00198;Kasper;Østergaard;Dahl;Kasper Østergaard Dahl
DEMO-00199;Anne;Østergaard;Dahl;Anne Østergaard Dahl
DEMO-00200;Karen;Lund;Johansen;Karen Lund Johansen
DEMO-00201;Anne;Søndergaard;Christensen;Anne Søndergaard Christensen
DEMO-00202;Martin;;Poulsen;Martin Poulsen
DEMO-00203;Simon;Vestergaard;Mortensen;Simon Vestergaard Mortensen
DEMO-00204;Clara;Møller;Larsen;Clara Møller Larsen
DEMO-00205;Mikkel;;Christensen;Mikkel Christensen
DEMO-00206;Jesper;Møller;Andersen;Jesper Møller Andersen
DEMO-00207;Mikkel;;Søndergaard;Mikkel Søndergaard
DEMO-00208;Mads;Nørgaard;Nielsen;Mads Nørgaard Nielsen
DEMO-00209;Peter;Nørgaard;Knudsen;Peter Nørgaard Knudsen
DEMO-00210;Frederik;;Skov;Frederik Skov
DEMO-00211;Maria;;Rasmussen;Maria Rasmussen
DEMO-00212;Victoria;Skov;Østergaard;Victoria Skov Østergaard
DEMO-00213;Line;;Hansen;Line Hansen
DEMO-00214;Ida;Nørgaard;Møller;Ida Nørgaard Møller
DEMO-00215;Maria;Dahl;Mortensen;Maria Dahl Mortensen
DEMO-00216;Karen;;Østergaard;Karen Østergaard
DEMO-00217;Trine;;Larsen;Trine Larsen
DEMO-00218;Ida;;Rasmussen;Ida Rasmussen
DEMO-00219;Magnus;Lind;Andersen;Magnus Lind Andersen
DEMO-00220;Jesper;Lund;Rasmussen;Jesper Lund Rasmussen
DEMO-00221;Victoria;;Østergaard;Victoria Østergaard
DEMO-00222;Jesper;;Sørensen;Jesper Sørensen
DEMO-00223;Rasmus;;Nielsen;Rasmus Nielsen
DEMO-00224;Anna;;Sørensen;Anna Sørensen
DEMO-00225;Julie;Søndergaard;Knudsen;Julie Søndergaard Knudsen
DEMO-00226;Nina;;Johansen;Nina Johansen
DEMO-00227;Jesper;;Nørgaard;Jesper Nørgaard
DEMO-00228;Maria;Østergaard;Thomsen;Maria Østergaard Thomsen
DEMO-00229;Daniel;;Larsen;Daniel Larsen
DEMO-00230;Lars;Søndergaard;Johansen;Lars Søndergaard Johansen
DEMO-00231;Nanna;Holm;Nielsen;Nanna Holm Nielsen
DEMO-00232;Lars;Lind;Dahl;Lars Lind Dahl
DEMO-00233;Mette;Vestergaard;Johansen;Mette Vestergaard Johansen
DEMO-00234;Emma;;Sørensen;Emma Sørensen
DEMO-00235;Peter;Søndergaard;Kristensen;Peter Søndergaard Kristensen
DEMO-00236;Henrik;;Petersen;Henrik Petersen
DEMO-00237;Anne;;Johansen;Anne Johansen
DEMO-00238;Jonas;Søndergaard;Dahl;Jonas Søndergaard Dahl
DEMO-00239;Nina;;Dahl;Nina Dahl
DEMO-00240;Mikkel;;Mortensen;Mikkel Mortensen
DEMO-00241;Kasper;Dahl;Rasmussen;Kasper Dahl Rasmussen
DEMO-00242;Camilla;Lind;Holm;Camilla Lind Holm
DEMO-00243;Mathias;;Kristensen;Mathias Kristensen
DEMO-00244;Emma;Søndergaard;Knudsen;Emma Søndergaard Knudsen
DEMO-00245;Camilla;Møller;Skov;Camilla Møller Skov
DEMO-00246;Nina;;Knudsen;Nina Knudsen
DEMO-00247;Louise;Vestergaard;Skov;Louise Vestergaard Skov
DEMO-00248;Lene;Lind;Poulsen;Lene Lind Poulsen
DEMO-00249;Sofie;Dahl;Knudsen;Sofie Dahl Knudsen
DEMO-00250;Søren;;Dahl;Søren Dahl
DEMO-00251;Nanna;Lind;Jørgensen;Nanna Lind Jørgensen
DEMO-00252;Maja;Nørgaard;Pedersen;Maja Nørgaard Pedersen
DEMO-00253;Christian;;Sørensen;Christian Sørensen
DEMO-00254;Maja;;Lund;Maja Lund
DEMO-00255;Oliver;Bjerre;Skov;Oliver Bjerre Skov
DEMO-00256;Clara;Lund;Rasmussen;Clara Lund Rasmussen
DEMO-00257;Søren;;Poulsen;Søren Poulsen
DEMO-00258;Jakob;Lind;Nørgaard;Jakob Lind Nørgaard
DEMO-00259;Søren;Østergaard;Petersen;Søren Østergaard Petersen
DEMO-00260;Laura;;Christensen;Laura Christensen
DEMO-00261;Maria;Lund;Sørensen;Maria Lund Sørensen
DEMO-00262;Mette;Møller;Hansen;Mette Møller Hansen
DEMO-00263;Julie;;Søndergaard;Julie Søndergaard
DEMO-00264;Ida;;Jensen;Ida Jensen
DEMO-00265;Oliver;Bjerre;Christensen;Oliver Bjerre Christensen
DEMO-00266;Frederik;;Rasmussen;Frederik Rasmussen
DEMO-00267;Katrine;Østergaard;Jensen;Katrine Østergaard Jensen
DEMO-00268;Julie;Møller;Andersen;Julie Møller Andersen
DEMO-00269;Jesper;Dahl;Andersen;Jesper Dahl Andersen
DEMO-00270;Kasper;;Sørensen;Kasper Sørensen
DEMO-00271;Christian;;Christensen;Christian Christensen
DEMO-00272;Frederik;;Vestergaard;Frederik Vestergaard
DEMO-00273;Jens;;Skov;Jens Skov
DEMO-00274;Simon;Søndergaard;Dahl;Simon Søndergaard Dahl
DEMO-00275;Mathias;;Mortensen;Mathias Mortensen
DEMO-00276;Charlotte;Lund;Dahl;Charlotte Lund Dahl
DEMO-00277;Freja;;Østergaard;Freja Østergaard
DEMO-00278;Anne;Vestergaard;Christensen;Anne Vestergaard Christensen
DEMO-00279;Lars;Dahl;Petersen;Lars Dahl Petersen
DEMO-00280;Laura;Skov;Poulsen;Laura Skov Poulsen
DEMO-00281;Ida;Lind;Andersen;Ida Lind Andersen
DEMO-00282;William;Søndergaard;Skov;William Søndergaard Skov
DEMO-00283;Jesper;Søndergaard;Madsen;Jesper Søndergaard Madsen
DEMO-00284;Rasmus;;Larsen;Rasmus Larsen
DEMO-00285;Sofie;Vestergaard;Thomsen;Sofie Vestergaard Thomsen
DEMO-00286;Ida;;Jørgensen;Ida Jørgensen
DEMO-00287;Jens;Lind;Thomsen;Jens Lind Thomsen
DEMO-00288;Laura;Skov;Hansen;Laura Skov Hansen
DEMO-00289;Anna;Dahl;Nørgaard;Anna Dahl Nørgaard
DEMO-00290;Anne;;Olsen;Anne Olsen
DEMO-00291;Mathias;Holm;Knudsen;Mathias Holm Knudsen
DEMO-00292;Ida;;Larsen;Ida Larsen
DEMO-00293;Henrik;Bjerre;Larsen;Henrik Bjerre Larsen
DEMO-00294;Magnus;;Dahl;Magnus Dahl
DEMO-00295;Nina;Skov;Sørensen;Nina Skov Sørensen
DEMO-00296;Karen;Søndergaard;Holm;Karen Søndergaard Holm
DEMO-00297;Freja;;Lund;Freja Lund
DEMO-00298;Mads;;Lund;Mads Lund
DEMO-00299;Clara;Holm;Christensen;Clara Holm Christensen
DEMO-00300;Maja;Bjerre;Hansen;Maja Bjerre Hansen
DEMO-00301;Oliver;;Møller;Oliver Møller
DEMO-00302;Clara;Søndergaard;Larsen;Clara Søndergaard Larsen
DEMO-00303;Laura;Bjerre;Sørensen;Laura Bjerre Sørensen
DEMO-00304;Julie;Nørgaard;Nielsen;Julie Nørgaard Nielsen
DEMO-00305;Charlotte;Bjerre;Hansen;Charlotte Bjerre Hansen
DEMO-00306;Anne;Skov;Olsen;Anne Skov Olsen
DEMO-00307;Mette;Lind;Møller;Mette Lind Møller
DEMO-00308;Kasper;Møller;Sørensen;Kasper Møller Sørensen
DEMO-00309;Anna;;Larsen;Anna Larsen
DEMO-00310;Maja;Bjerre;Jørgensen;Maja Bjerre Jørgensen
DEMO-00311;Søren;;Hansen;Søren Hansen
DEMO-00312;Jesper;;Thomsen;Jesper Thomsen
DEMO-00313;Victoria;;Kristensen;Victoria Kristensen
DEMO-00314;Clara;;Østergaard;Clara Østergaard
DEMO-00315;Mette;Søndergaard;Nørgaard;Mette Søndergaard Nørgaard
DEMO-00316;Karen;Nørgaard;Jensen;Karen Nørgaard Jensen
DEMO-00317;Henrik;Skov;Dahl;Henrik Skov Dahl
DEMO-00318;Maria;Møller;Thomsen;Maria Møller Thomsen
DEMO-00319;Henrik;;Skov;Henrik Skov
DEMO-00320;Christian;Dahl;Lund;Christian Dahl Lund
DEMO-00321;William;;Kristensen;William Kristensen
DEMO-00322;Lene;Østergaard;Holm;Lene Østergaard Holm
DEMO-00323;Lars;;Madsen;Lars Madsen
DEMO-00324;Anders;Holm;Andersen;Anders Holm Andersen
DEMO-00325;Nina;Lind;Petersen;Nina Lind Petersen
DEMO-00326;Maria;;Poulsen;Maria Poulsen
DEMO-00327;Kasper;;Møller;Kasper Møller
DEMO-00328;Maria;Holm;Poulsen;Maria Holm Poulsen
DEMO-00329;Anders;Holm;Møller;Anders Holm Møller
DEMO-00330;Anne;Vestergaard;Larsen;Anne Vestergaard Larsen
DEMO-00331;Oliver;Østergaard;Johansen;Oliver Østergaard Johansen
DEMO-00332;Anders;Dahl;Petersen;Anders Dahl Petersen
DEMO-00333;Martin;Dahl;Søndergaard;Martin Dahl Søndergaard
DEMO-00334;William;Skov;Larsen;William Skov Larsen
DEMO-00335;Pernille;Skov;Søndergaard;Pernille Skov Søndergaard
DEMO-00336;Sofie;Lund;Møller;Sofie Lund Møller
DEMO-00337;Rasmus;Østergaard;Søndergaard;Rasmus Østergaard Søndergaard
DEMO-00338;Karen;Lund;Andersen;Karen Lund Andersen
DEMO-00339;Nina;;Vestergaard;Nina Vestergaard
DEMO-00340;Rasmus;;Jørgensen;Rasmus Jørgensen
DEMO-00341;Martin;Møller;Olsen;Martin Møller Olsen
DEMO-00342;Maja;Vestergaard;Sørensen;Maja Vestergaard Sørensen
DEMO-00343;Karen;;Madsen;Karen Madsen
DEMO-00344;Julie;;Olsen;Julie Olsen
DEMO-00345;Søren;;Østergaard;Søren Østergaard
DEMO-00346;Mathias;Bjerre;Jørgensen;Mathias Bjerre Jørgensen
DEMO-00347;Sofie;;Møller;Sofie Møller
DEMO-00348;Peter;;Jørgensen;Peter Jørgensen
DEMO-00349;Maria;Nørgaard;Thomsen;Maria Nørgaard Thomsen
DEMO-00350;Louise;;Poulsen;Louise Poulsen
DEMO-00351;Line;;Madsen;Line Madsen
DEMO-00352;Lene;Lund;Rasmussen;Lene Lund Rasmussen
DEMO-00353;Anne;;Kristensen;Anne Kristensen
DEMO-00354;Louise;;Sørensen;Louise Sørensen
DEMO-00355;Freja;;Madsen;Freja Madsen
DEMO-00356;Line;Møller;Rasmussen;Line Møller Rasmussen
DEMO-00357;Trine;Bjerre;Olsen;Trine Bjerre Olsen
DEMO-00358;Anne;Vestergaard;Rasmussen;Anne Vestergaard Rasmussen
DEMO-00359;Thomas;;Østergaard;Thomas Østergaard
DEMO-00360;Mathias;Møller;Sørensen;Mathias Møller Sørensen
DEMO-00361;Sofie;;Østergaard;Sofie Østergaard
DEMO-00362;Jakob;Skov;Kristensen;Jakob Skov Kristensen
DEMO-00363;Line;Holm;Olsen;Line Holm Olsen
DEMO-00364;Camilla;Bjerre;Rasmussen;Camilla Bjerre Rasmussen
DEMO-00365;Julie;;Hansen;Julie Hansen
DEMO-00366;Jens;Skov;Knudsen;Jens Skov Knudsen
DEMO-00367;Lene;;Nielsen;Lene Nielsen
DEMO-00368;Louise;Møller;Jensen;Louise Møller Jensen
DEMO-00369;Peter;Dahl;Andersen;Peter Dahl Andersen
DEMO-00370;Trine;;Mortensen;Trine Mortensen
DEMO-00371;Charlotte;Dahl;Lund;Charlotte Dahl Lund
DEMO-00372;Mads;;Østergaard;Mads Østergaard
DEMO-00373;Emma;Dahl;Mortensen;Emma Dahl Mortensen
DEMO-00374;Henrik;Skov;Nielsen;Henrik Skov Nielsen
DEMO-00375;Charlotte;;Østergaard;Charlotte Østergaard
DEMO-00376;Karen;;Nørgaard;Karen Nørgaard
DEMO-00377;Trine;Østergaard;Johansen;Trine Østergaard Johansen
DEMO-00378;Charlotte;;Pedersen;Charlotte Pedersen
DEMO-00379;Frederik;Skov;Petersen;Frederik Skov Petersen
DEMO-00380;Clara;;Nielsen;Clara Nielsen
DEMO-00381;Emil;Østergaard;Pedersen;Emil Østergaard Pedersen
DEMO-00382;Frederik;;Larsen;Frederik Larsen
DEMO-00383;Ida;Møller;Kristensen;Ida Møller Kristensen
DEMO-00384;Lene;;Møller;Lene Møller
DEMO-00385;Mikkel;;Vestergaard;Mikkel Vestergaard
DEMO-00386;Jakob;Holm;Dahl;Jakob Holm Dahl
DEMO-00387;Anne;Østergaard;Lund;Anne Østergaard Lund
DEMO-00388;Mikkel;Vestergaard;Mortensen;Mikkel Vestergaard Mortensen
DEMO-00389;Laura;Vestergaard;Madsen;Laura Vestergaard Madsen
DEMO-00390;Ida;Lund;Jørgensen;Ida Lund Jørgensen
DEMO-00391;Daniel;;Sørensen;Daniel Sørensen
DEMO-00392;Ida;Lund;Petersen;Ida Lund Petersen
DEMO-00393;Pernille;Møller;Thomsen;Pernille Møller Thomsen
DEMO-00394;Ida;;Madsen;Ida Madsen
DEMO-00395;Peter;;Jensen;Peter Jensen
DEMO-00396;Mathias;;Andersen;Mathias Andersen
DEMO-00397;Lene;Nørgaard;Møller;Lene Nørgaard Møller
DEMO-00398;Pernille;Nørgaard;Lund;Pernille Nørgaard Lund
DEMO-00399;Anna;Søndergaard;Lund;Anna Søndergaard Lund
DEMO-00400;Lene;;Olsen;Lene Olsen
DEMO-00401;Camilla;;Vestergaard;Camilla Vestergaard
DEMO-00402;Laura;Møller;Mortensen;Laura Møller Mortensen
DEMO-00403;Anders;Møller;Vestergaard;Anders Møller Vestergaard
DEMO-00404;Mikkel;Møller;Nørgaard;Mikkel Møller Nørgaard
DEMO-00405;Anne;Bjerre;Petersen;Anne Bjerre Petersen
DEMO-00406;Nina;Søndergaard;Madsen;Nina Søndergaard Madsen
DEMO-00407;Emil;;Jensen;Emil Jensen
DEMO-00408;Camilla;Lund;Larsen;Camilla Lund Larsen
DEMO-00409;Anders;Dahl;Knudsen;Anders Dahl Knudsen
DEMO-00410;Martin;Møller;Jørgensen;Martin Møller Jørgensen
DEMO-00411;Line;Østergaard;Sørensen;Line Østergaard Sørensen
DEMO-00412;Line;Vestergaard;Sørensen;Line Vestergaard Sørensen
DEMO-00413;Emil;Nørgaard;Madsen;Emil Nørgaard Madsen
DEMO-00414;Martin;;Jensen;Martin Jensen
DEMO-00415;Frederik;;Jensen;Frederik Jensen
DEMO-00416;Frederik;;Thomsen;Frederik Thomsen
DEMO-00417;Pernille;Skov;Olsen;Pernille Skov Olsen
DEMO-00418;Karen;Lund;Skov;Karen Lund Skov
DEMO-00419;Anne;Skov;Nielsen;Anne Skov Nielsen
DEMO-00420;Mads;Holm;Christensen;Mads Holm Christensen
DEMO-00421;Niels;;Lund;Niels Lund
DEMO-00422;Julie;;Jørgensen;Julie Jørgensen
DEMO-00423;Nina;Vestergaard;Christensen;Nina Vestergaard Christensen
DEMO-00424;Anne;Holm;Søndergaard;Anne Holm Søndergaard
DEMO-00425;Anders;;Madsen;Anders Madsen
DEMO-00426;Niels;Østergaard;Skov;Niels Østergaard Skov
DEMO-00427;Jonas;Lund;Knudsen;Jonas Lund Knudsen
DEMO-00428;Christian;Nørgaard;Jensen;Christian Nørgaard Jensen
DEMO-00429;Frederik;Dahl;Nielsen;Frederik Dahl Nielsen
DEMO-00430;Anders;Dahl;Nielsen;Anders Dahl Nielsen
DEMO-00431;Niels;Møller;Sørensen;Niels Møller Sørensen
DEMO-00432;Mikkel;Søndergaard;Hansen;Mikkel Søndergaard Hansen
DEMO-00433;Jens;Lind;Søndergaard;Jens Lind Søndergaard
DEMO-00434;Charlotte;Holm;Sørensen;Charlotte Holm Sørensen
DEMO-00435;Kasper;Lund;Johansen;Kasper Lund Johansen
DEMO-00436;Mette;Vestergaard;Jensen;Mette Vestergaard Jensen
DEMO-00437;Maja;Lind;Poulsen;Maja Lind Poulsen
DEMO-00438;Trine;;Jørgensen;Trine Jørgensen
DEMO-00439;Clara;;Hansen;Clara Hansen
DEMO-00440;Lene;;Johansen;Lene Johansen
DEMO-00441;Oliver;;Nørgaard;Oliver Nørgaard
DEMO-00442;Julie;;Christensen;Julie Christensen
DEMO-00443;Pernille;Bjerre;Larsen;Pernille Bjerre Larsen
DEMO-00444;Peter;Nørgaard;Johansen;Peter Nørgaard Johansen
DEMO-00445;Nina;Dahl;Jensen;Nina Dahl Jensen
DEMO-00446;Mikkel;;Holm;Mikkel Holm
DEMO-00447;Frederik;Lund;Poulsen;Frederik Lund Poulsen
DEMO-00448;Jesper;;Dahl;Jesper Dahl
DEMO-00449;Emil;Nørgaard;Hansen;Emil Nørgaard Hansen
DEMO-00450;Henrik;;Knudsen;Henrik Knudsen
DEMO-00451;Mads;;Andersen;Mads Andersen
DEMO-00452;Rasmus;Søndergaard;Jensen;Rasmus Søndergaard Jensen
DEMO-00453;Anne;Østergaard;Holm;Anne Østergaard Holm
DEMO-00454;Martin;Østergaard;Christensen;Martin Østergaard Christensen
DEMO-00455;Katrine;Søndergaard;Dahl;Katrine Søndergaard Dahl
DEMO-00456;Nanna;Østergaard;Pedersen;Nanna Østergaard Pedersen
DEMO-00457;Simon;Søndergaard;Østergaard;Simon Søndergaard Østergaard
DEMO-00458;Mikkel;;Sørensen;Mikkel Sørensen
DEMO-00459;Søren;Dahl;Nørgaard;Søren Dahl Nørgaard
DEMO-00460;Louise;;Lund;Louise Lund
DEMO-00461;Christian;Østergaard;Pedersen;Christian Østergaard Pedersen
DEMO-00462;Emil;Søndergaard;Lund;Emil Søndergaard Lund
DEMO-00463;Jonas;;Østergaard;Jonas Østergaard
DEMO-00464;Anna;;Jensen;Anna Jensen
DEMO-00465;Maja;Dahl;Østergaard;Maja Dahl Østergaard
DEMO-00466;Mikkel;Lind;Jensen;Mikkel Lind Jensen
DEMO-00467;Maja;Lind;Knudsen;Maja Lind Knudsen
DEMO-00468;Charlotte;Bjerre;Holm;Charlotte Bjerre Holm
DEMO-00469;Sofie;Holm;Rasmussen;Sofie Holm Rasmussen
DEMO-00470;Anna;;Nørgaard;Anna Nørgaard
DEMO-00471;Jesper;Østergaard;Søndergaard;Jesper Østergaard Søndergaard
DEMO-00472;Peter;Nørgaard;Jørgensen;Peter Nørgaard Jørgensen
DEMO-00473;Oliver;;Pedersen;Oliver Pedersen
DEMO-00474;Karen;Nørgaard;Pedersen;Karen Nørgaard Pedersen
DEMO-00475;William;Lind;Østergaard;William Lind Østergaard
DEMO-00476;Lene;;Sørensen;Lene Sørensen
DEMO-00477;Emma;;Larsen;Emma Larsen
DEMO-00478;Nina;;Kristensen;Nina Kristensen
DEMO-00479;Karen;;Hansen;Karen Hansen
DEMO-00480;Sofie;Skov;Larsen;Sofie Skov Larsen
DEMO-00481;Lars;;Kristensen;Lars Kristensen
DEMO-00482;Martin;;Madsen;Martin Madsen
DEMO-00483;Charlotte;Lund;Søndergaard;Charlotte Lund Søndergaard
DEMO-00484;Pernille;Dahl;Søndergaard;Pernille Dahl Søndergaard
DEMO-00485;Louise;Skov;Christensen;Louise Skov Christensen
DEMO-00486;Simon;;Dahl;Simon Dahl
DEMO-00487;Trine;;Olsen;Trine Olsen
DEMO-00488;Freja;;Pedersen;Freja Pedersen
DEMO-00489;Anne;Østergaard;Hansen;Anne Østergaard Hansen
DEMO-00490;Niels;;Jensen;Niels Jensen
DEMO-00491;Ida;Møller;Østergaard;Ida Møller Østergaard
DEMO-00492;Katrine;;Mortensen;Katrine Mortensen
DEMO-00493;Mikkel;;Møller;Mikkel Møller
DEMO-00494;Anders;Lind;Holm;Anders Lind Holm
DEMO-00495;Katrine;;Larsen;Katrine Larsen
DEMO-00496;Niels;;Petersen;Niels Petersen
DEMO-00497;Trine;;Dahl;Trine Dahl
DEMO-00498;Frederik;Lund;Vestergaard;Frederik Lund Vestergaard
DEMO-00499;Niels;Nørgaard;Olsen;Niels Nørgaard Olsen
DEMO-00500;Henrik;Vestergaard;Møller;Henrik Vestergaard Møller
